{"0.0771475295492281": 0, "0.183855132872754": 1, "0.5747391623563637": 2, "0.6556319360209587": 3, "0.6599539528302415": 4, "0.9820465652935809": 5, "0.9872519828691578": 6}